group_id,check,camera_id,date,time_first_photo_in_group,group_size,num_image_per_group
1,April_Check,C2-1,2013-11-18,0.05987268518518519,1,4
2,April_Check,C2-1,2013-12-03,0.5298611111111111,1,5
3,April_Check,C2-1,2013-12-08,0.11076388888888888,1,8
4,April_Check,C2-1,2013-12-15,0.36018518518518516,1,5
5,April_Check,C2-1,2013-12-15,0.4643171296296296,1,5
6,April_Check,C2-1,2013-12-15,0.7720949074074074,1,9
7,April_Check,C2-1,2013-12-15,0.7766666666666666,2,5
8,April_Check,C2-1,2013-12-19,0.7028240740740741,1,9
9,April_Check,C2-1,2013-12-23,0.048553240740740744,1,5
10,April_Check,C2-1,2014-01-12,0.22125,1,5
11,April_Check,C2-1,2014-01-14,0.6805555555555556,1,5
12,April_Check,C2-1,2014-02-07,0.6283912037037037,1,4
13,April_Check,C2-1,2014-02-20,0.622662037037037,1,8
14,April_Check,C2-1,2014-02-20,0.7046296296296296,2,5
15,April_Check,C2-1,2014-03-10,0.8020023148148148,1,4
16,April_Check,C2-1,2014-04-18,0.7463657407407407,1,2
17,September_Check,C2-1,2014-06-14,0.04486111111111111,4,6
18,September_Check,C2-1,2014-06-17,0.762974537037037,3,8
19,September_Check,C2-1,2014-07-04,0.8221064814814815,4,13
20,September_Check,C2-1,2014-07-07,0.8049189814814814,5,10
21,September_Check,C2-1,2014-07-29,0.1677662037037037,1,5
22,September_Check,C2-1,2014-07-29,0.1889236111111111,1,5
23,September_Check,C2-1,2014-08-10,0.2968865740740741,2,10
24,September_Check,C2-1,2014-08-31,0.631724537037037,4,5
25,September_Check,C2-1,2014-09-02,0.11369212962962963,1,5
26,September_Check,C2-1,2014-09-11,0.5323842592592593,1,5
27,September_Check,C2-1,2014-09-25,0.4496759259259259,4,15
28,April_Check,C2-2,2013-10-24,0.8027893518518519,1,10
29,April_Check,C2-2,2013-10-25,0.7426851851851852,2,25
30,April_Check,C2-2,2013-10-25,0.7720254629629629,2,7
31,April_Check,C2-2,2013-10-26,0.27186342592592594,1,9
32,April_Check,C2-2,2013-10-26,0.5464699074074074,1,9
33,April_Check,C2-2,2013-10-26,0.8091319444444445,1,13
34,April_Check,C2-2,2013-10-28,0.5820601851851852,1,5
35,April_Check,C2-2,2013-11-01,0.6875578703703704,1,1
36,April_Check,C2-2,2013-11-01,0.7763078703703704,1,5
37,April_Check,C2-2,2013-11-02,0.08751157407407407,1,2
38,April_Check,C2-2,2013-11-02,0.5745138888888889,1,2
39,April_Check,C2-2,2013-11-05,0.17501157407407408,1,10
40,April_Check,C2-2,2013-11-05,0.17917824074074074,1,14
41,April_Check,C2-2,2013-11-05,0.9794212962962963,1,13
42,April_Check,C2-2,2013-11-09,0.5364236111111111,2,122
43,April_Check,C2-2,2013-11-09,0.6125578703703703,2,24
44,April_Check,C2-2,2013-11-16,0.41625,1,15
45,April_Check,C2-2,2013-11-17,0.8793402777777778,1,30
46,April_Check,C3-1,2013-10-23,0.03436342592592593,1,25
47,April_Check,C3-2,2013-10-26,0.11825231481481481,1,18
48,April_Check,C3-2,2013-12-25,0.16386574074074073,1,9
49,September_Check,C3-2,2014-09-11,0.18376157407407406,1,6
55,April_Check,D5-1,2013-11-26,0.2974074074074074,1,5
56,April_Check,D5-1,2013-12-14,0.7213425925925926,4,29
57,April_Check,D5-1,2014-03-21,0.35032407407407407,1,5
58,April_Check,D5-1,2014-04-03,0.3262847222222222,1,10
59,April_Check,D5-1,2014-04-11,0.08201388888888889,1,4
60,September_Check,D5-1,2014-04-26,0.2095138888888889,1,4
61,September_Check,D5-1,2014-07-18,0.2589930555555556,1,5
62,April_Check,E2-1,2013-11-29,0.7502314814814814,2,16
63,April_Check,E2-1,2013-12-01,0.7778587962962963,2,5
64,April_Check,E2-1,2013-12-02,0.4124305555555556,1,5
65,April_Check,E4-2,2013-10-30,0.6221527777777778,2,10
66,September_Check,E4-2,2014-09-08,0.7143055555555555,1,5
67,April_Check,E5-1,2013-11-06,0.8183217592592592,1,6
68,April_Check,E5-1,2013-11-08,0.035208333333333335,1,3
69,April_Check,E5-1,2013-11-08,0.5580092592592593,2,40
70,April_Check,E5-1,2013-11-16,0.7827546296296296,1,10
71,April_Check,E5-1,2013-11-28,0.36650462962962965,1,10
72,April_Check,E5-1,2013-12-15,0.06119212962962963,1,3
73,September_Check,E5-1,2014-09-06,0.7734953703703704,1,1
74,September_Check,F2-1,2014-06-11,0.29410879629629627,3,6
75,April_Check,F3-1,2013-10-26,0.30949074074074073,1,6
76,April_Check,F3-1,2013-10-26,0.8651157407407407,1,10
77,April_Check,F3-1,2013-11-01,0.30332175925925925,1,10
78,April_Check,F3-1,2013-11-02,0.2818981481481482,1,5
79,April_Check,F3-1,2013-11-03,0.34996527777777775,1,10
80,April_Check,F3-1,2013-11-04,0.8316898148148149,1,10
81,April_Check,F3-1,2013-11-05,0.2028125,1,5
82,April_Check,F3-1,2013-11-08,0.29282407407407407,1,10
83,April_Check,F3-1,2013-11-16,0.1482638888888889,1,5
84,April_Check,F3-1,2013-11-16,0.20469907407407406,1,5
85,April_Check,F3-1,2013-11-22,0.9947453703703704,1,5
86,April_Check,F3-1,2013-11-23,0.008402777777777778,1,14
87,April_Check,F3-1,2013-11-23,0.06813657407407407,1,15
88,April_Check,F3-1,2013-11-25,0.7932175925925926,1,3
89,April_Check,F3-1,2013-11-26,0.0915162037037037,1,5
90,April_Check,F3-1,2013-11-30,0.3760763888888889,2,5
91,April_Check,F3-1,2013-11-30,0.5503935185185185,4,5
92,April_Check,F3-1,2013-12-01,0.5220370370370371,6,20
93,April_Check,F3-1,2013-12-02,0.2541319444444444,1,10
94,April_Check,F3-1,2013-12-03,0.7699537037037038,1,3
95,April_Check,F3-1,2013-12-05,0.4774305555555556,1,11
96,April_Check,F3-1,2013-12-05,0.5081597222222223,4,10
97,April_Check,F3-1,2013-12-16,0.5977893518518519,2,13
98,April_Check,F3-1,2013-12-20,0.5173611111111112,1,5
99,April_Check,F3-1,2013-12-23,0.8068518518518518,1,5
100,April_Check,F3-1,2013-12-28,0.8730671296296296,1,5
101,April_Check,F3-1,2014-01-27,0.7720833333333333,1,5
102,April_Check,F3-1,2014-01-28,0.06321759259259259,1,5
103,April_Check,F3-1,2014-01-28,0.9366898148148148,1,5
104,April_Check,F3-1,2014-01-29,0.1870601851851852,1,5
105,April_Check,F3-1,2014-02-03,0.6036689814814815,3,15
106,April_Check,F3-1,2014-02-12,0.7429166666666667,1,5
107,April_Check,F3-1,2014-02-20,0.5960648148148148,1,10
108,September_Check,F3-1,2014-05-09,0.019733796296296298,1,5
109,April_Check,F4-1,2013-11-02,0.33381944444444445,1,5
110,April_Check,F4-1,2013-11-16,0.1807638888888889,1,29
111,April_Check,F4-1,2013-11-16,0.7611111111111111,3,25
112,April_Check,F4-1,2013-12-09,0.8271875,1,15
113,April_Check,F4-1,2013-12-10,0.7532986111111111,2,45
114,April_Check,F4-1,2013-12-27,0.7769444444444444,1,27
114,April_Check,F4-1,2014-01-01,0.7769444444444444,1,27
115,April_Check,F4-1,2014-01-12,0.8286574074074075,1,20
116,April_Check,F4-1,2014-01-15,0.7887152777777777,1,15
117,April_Check,F4-1,2014-01-21,0.2521527777777778,1,5
118,April_Check,F4-1,2014-03-13,0.8893634259259259,1,10
119,April_Check,F4-1,2014-04-08,0.2917361111111111,1,7
120,September_Check,F4-1,2014-06-02,0.2410300925925926,1,5
121,September_Check,F4-1,2014-06-23,0.8173032407407408,1,14
122,September_Check,F4-1,2014-07-02,0.37578703703703703,1,5
123,September_Check,F4-1,2014-07-09,0.8608912037037038,1,5
124,September_Check,F4-1,2014-07-24,0.8265277777777778,1,5
125,September_Check,F4-1,2014-08-02,0.882349537037037,1,15
126,September_Check,F4-1,2014-08-05,0.14277777777777778,1,6
127,September_Check,F4-1,2014-08-17,0.16913194444444443,1,10
128,September_Check,F4-1,2014-08-26,0.8528356481481482,1,7
129,September_Check,F4-1,2014-08-30,0.8221759259259259,1,17
130,September_Check,F4-1,2014-09-07,0.8087152777777777,1,10
131,September_Check,F4-1,2014-09-12,0.04186342592592593,1,10
132,September_Check,F4-1,2014-09-17,0.2529398148148148,1,6
133,September_Check,F4-1,2014-09-22,0.3076388888888889,1,10
134,April_Check,F5-1,2013-11-25,0.05243055555555556,1,8
135,April_Check,F5-1,2013-11-26,0.04266203703703704,1,8
136,April_Check,F5-1,2013-12-31,0.8047685185185185,1,5
137,April_Check,F5-1,2014-01-03,0.043055555555555555,1,10
138,April_Check,F5-1,2014-01-30,0.37653935185185183,1,5
139,September_Check,G5-2,2014-07-15,0.7854282407407407,1,8
140,September_Check,G5-2,2014-07-26,0.19016203703703705,1,5
141,September_Check,G5-2,2014-07-29,0.20850694444444445,1,8
142,September_Check,G5-2,2014-08-16,0.2755324074074074,1,1
143,September_Check,G5-2,2014-08-16,0.3380208333333333,1,5
144,September_Check,G5-2,2014-08-17,0.8273263888888889,1,4
145,September_Check,G5-2,2014-08-18,0.31232638888888886,1,5
146,September_Check,G5-2,2014-08-22,0.06244212962962963,1,9
147,September_Check,G5-2,2014-08-22,0.1589236111111111,1,8
148,September_Check,G5-2,2014-08-28,0.1541898148148148,1,7
149,September_Check,G5-2,2014-09-22,0.07945601851851852,1,5
150,September_Check,G5-3,2014-04-21,0.9965393518518518,1,14
151,September_Check,G5-3,2014-04-30,0.2486574074074074,1,15
152,September_Check,G5-3,2014-05-02,0.2377199074074074,1,10
153,September_Check,G5-3,2014-05-03,0.06207175925925926,1,9
154,September_Check,G5-3,2014-05-06,0.19877314814814814,1,4
155,April_Check,G6-1,2013-11-05,0.9463773148148148,1,5
156,April_Check,G6-1,2013-11-07,0.4769791666666667,2,14
157,April_Check,G6-1,2013-11-16,0.5911226851851852,2,25
158,April_Check,G6-1,2013-11-18,0.5059027777777778,1,15
159,April_Check,H1-1,2013-10-26,0.09069444444444444,1,5
160,April_Check,H1-1,2013-11-14,0.9141319444444445,2,5
161,April_Check,H1-1,2013-12-14,0.9746064814814814,1,4
162,September_Check,H2-2,2014-05-25,0.8824768518518519,2,15
163,September_Check,H2-2,2014-05-29,0.32805555555555554,1,5
164,September_Check,H2-2,2014-06-18,0.8257407407407408,1,13
165,September_Check,H2-2,2014-09-14,0.012604166666666666,6,16
166,September_Check,H2-2,2014-09-19,0.8601041666666667,1,9
167,September_Check,H2-2,2014-09-21,0.17261574074074074,1,10
168,September_Check,H2-3,2014-07-02,0.7151388888888889,2,13
169,September_Check,H2-3,2014-07-12,0.3943055555555556,1,6
170,September_Check,H2-3,2014-07-22,0.805150462962963,1,5
171,September_Check,H2-3,2014-07-27,0.6528240740740741,1,5
172,September_Check,H2-3,2014-08-01,0.25527777777777777,1,12
173,September_Check,H2-3,2014-08-06,0.3090509259259259,1,5
174,September_Check,H2-3,2014-09-05,0.394224537037037,3,13
175,September_Check,H2-3,2014-09-05,0.919537037037037,1,10
176,September_Check,H2-3,2014-09-22,0.4215277777777778,1,15
177,September_Check,H2-4,2014-04-30,0.32416666666666666,1,5
178,September_Check,H2-4,2014-05-09,0.5537847222222222,1,5
179,September_Check,H2-4,2014-06-04,0.8322685185185185,1,4
180,September_Check,H2-4,2014-06-10,0.28943287037037035,1,29
181,September_Check,H2-4,2014-06-11,0.5327777777777778,1,6
182,September_Check,H2-4,2014-06-11,0.6816550925925926,1,5
183,September_Check,H2-4,2014-06-11,0.7573726851851852,1,5
184,September_Check,H2-4,2014-06-12,0.6898032407407407,1,8
185,September_Check,H2-4,2014-06-12,0.7321643518518518,5,15
186,September_Check,H2-4,2014-06-14,0.2803935185185185,1,5
187,September_Check,H2-4,2014-06-17,0.8454282407407407,2,3
188,September_Check,H2-4,2014-06-21,0.251724537037037,1,10
189,September_Check,H2-4,2014-08-03,0.9929050925925926,1,2
190,April_Check,H4-1,2013-10-24,0.9266550925925926,1,5
191,April_Check,H5-1,2013-10-24,0.3905092592592593,1,10
192,April_Check,H5-1,2013-12-12,0.4068981481481482,1,14
193,April_Check,H5-1,2013-12-13,0.7272685185185185,1,5
194,April_Check,H5-1,2013-12-25,0.3867824074074074,1,3
195,April_Check,H5-1,2014-02-23,0.7390740740740741,1,8
196,April_Check,H5-1,2014-02-23,0.7451388888888889,1,4
197,April_Check,H5-1,2014-02-23,0.7870254629629629,1,7
198,April_Check,H5-1,2014-03-06,0.34378472222222223,1,5
199,April_Check,H5-1,2014-03-09,0.1483912037037037,1,9
200,April_Check,H5-1,2014-03-10,0.9685648148148148,1,14
201,April_Check,H6-2,2013-11-04,0.33783564814814815,1,5
202,April_Check,H6-2,2013-12-05,0.6776041666666667,1,4
203,April_Check,H7-1,2013-10-26,0.8045949074074074,1,13
204,April_Check,H7-1,2014-01-07,0.5514467592592592,4,19
205,April_Check,H7-1,2014-01-07,0.5591666666666667,3,10
206,April_Check,H7-1,2014-01-12,0.8951736111111112,1,13
207,April_Check,I2-1,2013-10-30,0.927037037037037,1,5
208,April_Check,I2-1,2013-10-31,0.8054398148148149,1,20
209,April_Check,I2-1,2013-10-31,0.9799884259259259,1,12
210,April_Check,I2-1,2013-11-07,0.16297453703703704,1,10
211,April_Check,I2-1,2013-11-10,0.7839236111111111,1,5
212,April_Check,I2-1,2013-11-22,0.7570486111111111,6,25
213,April_Check,I2-1,2013-11-24,0.17695601851851853,1,5
214,April_Check,I3-1,2013-11-10,0.17300925925925925,1,6
215,April_Check,I3-1,2013-11-10,0.31377314814814816,1,3
216,April_Check,I3-1,2013-12-01,0.38774305555555555,4,7
217,April_Check,I3-1,2013-12-01,0.5294791666666666,2,21
218,April_Check,I3-1,2013-12-09,0.034930555555555555,1,9
219,April_Check,I3-1,2013-12-11,0.8309027777777778,1,3
220,April_Check,I3-1,2013-12-21,0.6954398148148148,3,4
221,April_Check,I3-1,2014-03-09,0.9683912037037037,1,6
222,April_Check,I3-1,2014-04-16,0.8116898148148148,1,6
223,April_Check,I3-1,2014-04-19,0.8361458333333334,1,3
224,September_Check,I3-1,2014-05-01,0.7413425925925926,1,2
225,September_Check,I3-1,2014-05-07,0.7676620370370371,1,1
226,September_Check,I3-1,2014-05-08,0.38471064814814815,1,1
227,September_Check,I3-1,2014-05-13,0.12739583333333335,1,1
228,September_Check,I3-1,2014-05-24,0.8035763888888889,1,2
229,September_Check,I3-1,2014-05-30,0.4282060185185185,2,7
230,September_Check,I3-1,2014-06-16,0.3250810185185185,2,5
231,September_Check,I3-1,2014-06-22,0.2883101851851852,1,1
232,September_Check,I3-1,2014-07-14,0.6905324074074074,1,1
233,September_Check,I3-1,2014-07-19,0.9358333333333333,1,1
234,September_Check,I3-1,2014-07-27,0.23121527777777778,1,2
235,September_Check,I3-1,2014-08-20,0.06934027777777778,1,2
236,September_Check,I3-1,2014-09-03,0.13280092592592593,1,1
237,September_Check,I3-1,2014-09-11,0.8140393518518518,1,1
238,September_Check,I3-1,2014-09-20,0.7651388888888889,1,2
239,April_Check,I5-3,2013-11-25,0.32329861111111113,1,5
240,April_Check,I5-3,2013-12-09,0.04357638888888889,1,3
241,April_Check,J2-1,2013-11-07,0.3294560185185185,1,10
242,April_Check,J2-1,2013-12-12,0.3475578703703704,1,8
243,April_Check,J2-1,2014-01-03,0.07065972222222222,1,9
244,April_Check,J2-1,2014-01-07,0.8063773148148148,2,13
245,April_Check,J2-1,2014-01-20,0.21637731481481481,1,10
246,April_Check,J2-1,2014-01-24,0.32957175925925924,1,5
247,April_Check,J2-1,2014-01-27,0.15666666666666668,1,9
248,April_Check,J2-1,2014-01-29,0.7804629629629629,1,5
249,April_Check,J2-1,2014-02-01,0.34291666666666665,1,9
250,April_Check,J2-1,2014-02-01,0.8674537037037037,1,4
251,April_Check,J2-1,2014-02-02,0.2486574074074074,1,10
252,April_Check,J2-1,2014-02-06,0.049421296296296297,1,3
253,April_Check,J2-1,2014-02-10,0.10412037037037038,1,10
254,April_Check,J2-1,2014-03-18,0.12,1,10
255,April_Check,J2-1,2014-03-23,0.21328703703703702,1,2
256,April_Check,J2-1,2014-03-26,0.8170138888888889,3,65
257,September_Check,J2-1,2014-04-25,0.16924768518518518,1,1
258,September_Check,J2-1,2014-04-26,0.024247685185185185,1,7
259,September_Check,J2-1,2014-05-02,0.8087615740740741,1,2
260,September_Check,J2-1,2014-05-04,0.0546875,1,25
261,September_Check,J2-1,2014-05-14,0.3509375,1,7
262,April_Check,J4-1,2013-11-10,0.14278935185185185,1,5
263,April_Check,J4-1,2013-11-17,0.5279282407407407,1,5
264,April_Check,J4-1,2013-11-22,0.7970138888888889,1,10
265,April_Check,J4-1,2013-12-01,0.08296296296296296,1,5
266,April_Check,J4-1,2013-12-11,0.43394675925925924,1,10
267,April_Check,J4-1,2013-12-13,0.6861342592592593,2,5
268,April_Check,J4-1,2013-12-19,0.22314814814814815,1,5
269,April_Check,J4-1,2013-12-19,0.610011574074074,1,8
270,April_Check,J4-1,2013-12-19,0.7326273148148148,1,5
271,April_Check,J4-1,2013-12-23,0.39069444444444446,1,5
272,April_Check,J4-1,2013-12-24,0.44189814814814815,1,5
273,April_Check,J4-1,2013-12-27,0.7532175925925926,1,2
274,April_Check,J4-1,2014-01-18,0.38534722222222223,1,5
275,April_Check,K3-1,2013-10-30,0.3713078703703704,4,53
276,April_Check,K3-1,2013-10-31,0.3074074074074074,1,10
277,April_Check,K3-1,2013-10-31,0.7926620370370371,1,11
278,April_Check,K3-1,2013-11-01,0.7723726851851852,3,20
279,April_Check,K3-1,2013-11-04,0.13230324074074074,1,11
280,April_Check,K3-1,2013-11-04,0.24614583333333334,1,10
281,April_Check,K3-1,2013-11-05,0.8683796296296297,1,5
282,April_Check,K3-1,2013-11-05,0.8724768518518519,1,27
283,April_Check,K3-1,2013-11-08,0.08145833333333333,1,22
284,April_Check,K3-1,2013-11-26,0.1076388888888889,1,5
285,April_Check,K3-1,2013-11-26,0.3093287037037037,1,13
286,April_Check,K3-1,2013-11-30,0.8412962962962963,3,20
287,April_Check,K3-1,2013-12-05,0.32145833333333335,1,2
288,April_Check,K3-1,2013-12-12,0.37081018518518516,1,7
289,April_Check,K3-1,2013-12-15,0.4054976851851852,1,8
290,April_Check,K3-1,2013-12-15,0.9182060185185185,1,3
291,April_Check,K3-1,2013-12-17,0.7384259259259259,1,10
292,April_Check,K3-1,2013-12-18,0.20422453703703702,1,5
293,April_Check,K3-1,2013-12-21,0.8024537037037037,1,10
294,April_Check,K3-1,2013-12-24,0.39555555555555555,2,7
295,April_Check,K3-1,2013-12-24,0.4028703703703704,2,7
296,April_Check,K3-1,2013-12-29,0.7909953703703704,1,14
297,April_Check,K3-1,2013-12-29,0.978275462962963,1,4
298,September_Check,K3-1,2014-04-25,0.2298148148148148,1,10
299,September_Check,K3-1,2014-04-25,0.235,1,9
300,September_Check,K3-1,2014-04-26,0.03980324074074074,1,15
301,September_Check,K3-1,2014-05-04,0.8935648148148149,1,5
302,September_Check,K3-1,2014-05-05,0.28122685185185187,1,2
303,September_Check,K3-1,2014-05-07,0.9045717592592593,1,5
304,September_Check,K3-1,2014-06-08,0.11149305555555555,4,45
305,September_Check,K3-1,2014-06-09,0.14269675925925926,1,2
306,September_Check,K3-1,2014-06-14,0.15064814814814814,6,80
307,September_Check,K3-1,2014-06-19,0.22967592592592592,1,55
308,September_Check,K3-1,2014-06-19,0.23902777777777778,1,20
309,September_Check,K3-1,2014-07-18,0.27144675925925926,2,42
310,September_Check,K3-1,2014-08-02,0.7837384259259259,3,25
311,September_Check,K3-1,2014-08-02,0.8409027777777778,2,15
312,September_Check,K3-1,2014-08-29,0.8541898148148148,1,4
313,September_Check,K3-1,2014-09-06,0.5294212962962963,1,8
314,September_Check,K3-1,2014-09-07,0.256712962962963,1,3
315,September_Check,K3-1,2014-09-14,0.7957175925925926,1,30
316,September_Check,K3-1,2014-09-15,0.8140856481481481,1,15
317,September_Check,K3-1,2014-09-15,0.8820486111111111,1,5
318,September_Check,K4-1,2014-04-24,0.1371412037037037,1,10
319,September_Check,K4-1,2014-04-24,0.25982638888888887,1,9
320,September_Check,K4-1,2014-04-26,0.29008101851851853,1,15
321,September_Check,K4-1,2014-04-26,0.2998958333333333,1,25
322,September_Check,K4-1,2014-04-26,0.3787037037037037,1,10
323,September_Check,K4-1,2014-04-27,0.36802083333333335,1,15
324,September_Check,K4-1,2014-04-27,0.46653935185185186,1,14
325,September_Check,K4-1,2014-04-27,0.4762384259259259,1,1
326,September_Check,K4-1,2014-04-28,0.2967361111111111,1,25
327,September_Check,K4-1,2014-04-28,0.32377314814814817,1,5
328,September_Check,K4-1,2014-04-28,0.5058101851851852,1,40
329,September_Check,K4-1,2014-04-28,0.8264930555555555,1,15
330,September_Check,K4-1,2014-04-29,0.29627314814814815,1,15
331,September_Check,K4-1,2014-04-29,0.36256944444444444,1,5
332,September_Check,K4-1,2014-04-29,0.39643518518518517,1,10
333,September_Check,K4-1,2014-04-29,0.8052546296296297,1,20
334,September_Check,K4-1,2014-04-30,0.26761574074074074,1,29
335,September_Check,K4-1,2014-04-30,0.2882638888888889,1,15
336,September_Check,K4-1,2014-04-30,0.3053240740740741,2,23
337,September_Check,K4-1,2014-04-30,0.33296296296296296,1,5
338,September_Check,K4-1,2014-04-30,0.38677083333333334,5,66
339,September_Check,K4-1,2014-04-30,0.4340162037037037,5,115
340,September_Check,K4-1,2014-04-30,0.4587037037037037,4,24
341,September_Check,K4-1,2014-04-30,0.4664699074074074,1,1
342,September_Check,K4-1,2014-04-30,0.4786111111111111,2,38
343,September_Check,K4-1,2014-04-30,0.49828703703703703,2,14
344,September_Check,K4-1,2014-04-30,0.5125925925925926,1,18
345,September_Check,K4-1,2014-04-30,0.6179976851851852,1,5
346,September_Check,K4-1,2014-04-30,0.622025462962963,1,90
347,September_Check,K4-1,2014-04-30,0.6340972222222222,1,33
348,September_Check,K4-1,2014-04-30,0.809525462962963,1,8
349,September_Check,K4-1,2014-04-30,0.826412037037037,1,5
350,September_Check,K4-1,2014-04-30,0.8333796296296296,1,4
351,September_Check,K4-1,2014-04-30,0.8481481481481481,1,25
352,September_Check,K4-1,2014-05-01,0.03556712962962963,1,10
353,September_Check,K4-1,2014-05-01,0.16145833333333334,1,40
354,September_Check,K4-1,2014-05-01,0.17572916666666666,1,5
355,September_Check,K4-1,2014-05-01,0.31899305555555557,6,211
356,September_Check,K4-1,2014-05-01,0.3358101851851852,1,25
357,September_Check,K4-1,2014-05-01,0.34219907407407407,4,15
358,September_Check,K4-1,2014-05-01,0.34751157407407407,1,8
359,September_Check,K4-1,2014-05-01,0.37475694444444446,1,15
360,September_Check,K4-1,2014-05-01,0.38005787037037037,6,79
361,September_Check,K4-1,2014-05-01,0.4245023148148148,5,85
362,September_Check,K4-1,2014-05-01,0.6769444444444445,2,5
363,September_Check,K4-1,2014-05-02,0.3337847222222222,2,43
364,September_Check,K4-1,2014-05-02,0.3966087962962963,2,82
365,September_Check,K4-1,2014-05-02,0.7505671296296297,1,9
366,September_Check,K4-1,2014-05-03,0.3531944444444444,4,27
367,September_Check,K4-1,2014-05-03,0.35983796296296294,1,2
368,September_Check,K4-1,2014-05-03,0.4038773148148148,4,62
369,September_Check,K4-1,2014-05-03,0.4560416666666667,2,40
370,September_Check,K4-1,2014-05-03,0.7634837962962963,3,15
371,September_Check,K4-1,2014-05-04,0.4064351851851852,1,10
372,September_Check,K4-1,2014-05-04,0.8173148148148148,1,5
373,September_Check,K4-1,2014-05-04,0.8620138888888889,1,5
374,September_Check,K4-1,2014-05-05,0.8909375,6,20
375,September_Check,K4-1,2014-05-05,0.9849768518518518,1,9
376,September_Check,K4-1,2014-05-06,0.3013425925925926,1,20
377,September_Check,K4-1,2014-05-06,0.3455787037037037,3,19
378,September_Check,K4-1,2014-05-06,0.39140046296296294,6,45
379,September_Check,K4-1,2014-05-08,0.32578703703703704,2,35
379,September_Check,K4-1,2014-05-09,0.32578703703703704,2,35
380,September_Check,K4-1,2014-05-09,0.4900462962962963,1,15
381,September_Check,K4-1,2014-05-09,0.4996990740740741,1,10
382,September_Check,K4-1,2014-05-09,0.8103935185185185,1,5
383,September_Check,K4-1,2014-05-09,0.8388888888888889,5,31
384,September_Check,K4-1,2014-05-10,0.4016087962962963,2,45
385,September_Check,K4-1,2014-05-10,0.8342939814814815,1,10
386,September_Check,K4-1,2014-05-12,0.3450347222222222,2,47
387,September_Check,K4-1,2014-05-12,0.35891203703703706,1,5
388,September_Check,K4-1,2014-05-12,0.7921759259259259,1,5
389,September_Check,K4-1,2014-05-12,0.804212962962963,1,10
390,September_Check,K4-1,2014-05-12,0.8107523148148148,2,20
391,September_Check,K4-1,2014-05-12,0.8276157407407407,1,4
392,September_Check,K4-1,2014-05-12,0.8339583333333334,1,8
393,September_Check,K4-1,2014-05-14,0.28283564814814816,1,15
394,September_Check,K4-1,2014-05-14,0.29138888888888886,5,35
395,September_Check,K4-1,2014-05-14,0.8165046296296297,1,16
396,September_Check,K4-1,2014-05-14,0.9855555555555555,1,40
397,September_Check,K4-1,2014-05-15,0.27359953703703704,1,20
398,September_Check,K4-1,2014-05-15,0.31114583333333334,7,90
399,September_Check,K4-1,2014-05-15,0.34313657407407405,3,30
400,September_Check,K4-1,2014-05-15,0.7766550925925926,1,25
401,September_Check,K4-1,2014-05-15,0.8435763888888889,1,10
402,September_Check,K4-1,2014-05-16,0.0525,1,15
403,September_Check,K4-1,2014-05-16,0.11202546296296297,1,30
404,September_Check,K4-1,2014-05-16,0.16105324074074073,1,5
405,September_Check,K4-1,2014-05-16,0.16515046296296296,1,5
406,September_Check,K4-1,2014-05-16,0.2943865740740741,2,35
407,September_Check,K4-1,2014-05-16,0.30894675925925924,1,10
408,September_Check,K4-1,2014-05-17,0.3193287037037037,1,25
409,September_Check,K4-1,2014-05-18,0.28957175925925926,1,9
410,September_Check,K4-1,2014-05-19,0.8255555555555556,1,15
411,September_Check,K4-1,2014-05-20,0.25322916666666667,1,11
412,September_Check,K4-1,2014-05-20,0.34336805555555555,7,68
413,September_Check,K4-1,2014-05-20,0.35984953703703704,1,10
414,September_Check,K4-1,2014-05-21,0.8213773148148148,1,15
415,September_Check,K4-1,2014-05-24,0.8316435185185185,1,10
416,September_Check,K4-1,2014-05-25,0.21019675925925926,1,10
417,September_Check,K4-1,2014-05-26,0.8411111111111111,1,5
418,September_Check,K4-1,2014-05-29,0.8924074074074074,1,35
419,September_Check,K4-1,2014-05-30,0.3075347222222222,3,15
420,September_Check,K4-1,2014-05-30,0.8023958333333333,3,15
421,September_Check,K4-1,2014-05-30,0.8314236111111111,1,5
422,September_Check,K4-1,2014-05-30,0.8478819444444444,1,15
423,September_Check,K4-1,2014-05-31,0.09987268518518519,1,10
424,September_Check,K4-1,2014-05-31,0.226875,1,15
425,September_Check,K4-1,2014-05-31,0.8433796296296296,2,15
426,September_Check,K4-1,2014-06-03,0.8264930555555555,1,4
427,September_Check,K4-1,2014-06-04,0.4729050925925926,1,6
428,September_Check,K4-1,2014-06-04,0.9579513888888889,1,45
429,September_Check,K4-1,2014-06-05,0.08572916666666666,1,20
430,September_Check,K4-1,2014-06-05,0.23561342592592593,1,10
431,September_Check,K4-1,2014-06-05,0.3642592592592593,1,20
432,September_Check,K4-1,2014-06-05,0.39858796296296295,1,5
433,September_Check,K4-1,2014-06-05,0.42376157407407405,1,5
434,September_Check,K4-1,2014-06-05,0.5864236111111111,1,20
435,September_Check,K4-1,2014-06-06,0.22751157407407407,1,10
436,September_Check,K4-1,2014-06-08,0.955775462962963,2,60
437,September_Check,K4-1,2014-06-09,0.03831018518518518,2,55
438,September_Check,K4-1,2014-06-09,0.13565972222222222,1,66
439,September_Check,K4-1,2014-06-09,0.29555555555555557,3,20
440,September_Check,K4-1,2014-06-11,0.1846412037037037,1,20
441,September_Check,K4-1,2014-06-11,0.3684375,1,10
442,September_Check,K4-1,2014-06-13,0.4275115740740741,1,13
443,September_Check,K4-1,2014-06-13,0.44002314814814814,1,14
444,September_Check,K4-1,2014-06-13,0.44568287037037035,1,21
445,September_Check,K4-1,2014-06-13,0.45152777777777775,1,5
446,September_Check,K4-1,2014-06-13,0.5049537037037037,1,40
447,September_Check,K4-1,2014-06-13,0.7773611111111111,1,5
448,September_Check,K4-1,2014-06-14,0.9517824074074074,1,5
449,September_Check,K4-1,2014-06-15,0.04875,3,60
450,September_Check,K4-1,2014-06-15,0.2342013888888889,1,15
451,September_Check,K4-1,2014-06-15,0.381724537037037,1,20
452,September_Check,K4-1,2014-06-15,0.8182754629629629,1,15
453,September_Check,K4-1,2014-06-15,0.9105092592592593,1,5
454,September_Check,K4-1,2014-06-16,0.3669791666666667,1,35
455,September_Check,K4-1,2014-06-17,0.23251157407407408,1,20
456,April_Check,K5-1,2013-12-09,0.030185185185185186,1,30
457,April_Check,K5-1,2013-12-17,0.25863425925925926,1,10
458,April_Check,K5-1,2013-12-18,0.8458449074074074,1,30
459,April_Check,K5-1,2013-12-22,0.885474537037037,1,5
460,April_Check,K5-1,2013-12-25,0.8943402777777778,1,4
461,April_Check,K5-1,2014-01-06,0.3162847222222222,1,11
462,April_Check,L3-1,2013-10-22,0.8207407407407408,2,28
463,April_Check,L3-1,2013-10-23,0.0640625,1,10
464,April_Check,L3-1,2013-10-23,0.0770949074074074,1,30
465,April_Check,L3-1,2013-10-23,0.3082986111111111,1,14
466,April_Check,L3-1,2013-10-23,0.31559027777777776,4,6
467,April_Check,L3-1,2013-10-23,0.32037037037037036,1,6
468,April_Check,L3-1,2013-10-23,0.3305092592592593,2,28
469,April_Check,L3-1,2013-10-23,0.9750694444444444,1,5
470,April_Check,L3-1,2013-10-24,0.06487268518518519,2,31
471,April_Check,L3-1,2013-10-24,0.1870601851851852,2,20
472,April_Check,L3-1,2013-10-24,0.2617476851851852,1,14
473,April_Check,L3-1,2013-10-24,0.9693981481481482,1,8
474,April_Check,L3-1,2013-10-25,0.15810185185185185,1,14
475,April_Check,L3-1,2013-10-25,0.19519675925925925,1,11
476,April_Check,L3-1,2013-10-26,0.25626157407407407,1,7
477,April_Check,L3-1,2013-10-26,0.768912037037037,1,5
478,April_Check,L3-1,2013-10-27,0.05611111111111111,1,9
479,April_Check,L3-1,2013-10-27,0.13645833333333332,1,7
480,April_Check,L3-1,2013-10-27,0.23993055555555556,2,6
481,April_Check,L3-1,2013-10-28,0.2775462962962963,1,11
482,April_Check,L3-1,2013-10-29,0.29508101851851853,3,42
483,April_Check,L3-1,2013-10-29,0.30797453703703703,1,10
484,April_Check,L3-1,2013-10-29,0.9601620370370371,1,6
485,April_Check,L3-1,2013-10-30,0.7913773148148148,1,12
486,April_Check,L3-1,2013-10-30,0.8705671296296297,1,4
487,April_Check,L3-1,2013-10-31,0.1935300925925926,2,22
488,April_Check,L3-1,2013-10-31,0.7965972222222222,2,26
489,April_Check,L3-1,2013-10-31,0.8955439814814815,1,10
490,April_Check,L3-1,2013-11-01,0.21366898148148147,1,12
491,April_Check,L3-1,2013-11-02,0.054907407407407405,1,5
492,April_Check,L3-1,2013-11-02,0.20609953703703704,3,20
493,April_Check,L3-1,2013-11-02,0.8050115740740741,1,13
494,April_Check,L3-1,2013-11-02,0.9650925925925926,2,21
495,April_Check,L3-1,2013-11-03,0.757175925925926,1,11
496,April_Check,L3-1,2013-11-04,0.06951388888888889,1,8
497,April_Check,L3-1,2013-11-04,0.1918287037037037,1,16
498,April_Check,L3-1,2013-11-04,0.1980787037037037,1,5
499,April_Check,L3-1,2013-11-04,0.9090972222222222,1,5
500,April_Check,L3-1,2013-11-05,0.1290162037037037,1,5
501,April_Check,L3-1,2013-11-05,0.8389467592592592,1,19
502,April_Check,L3-1,2013-11-06,0.1458449074074074,1,38
503,April_Check,L3-1,2013-11-07,0.17141203703703703,2,30
504,April_Check,L3-1,2013-11-07,0.1801851851851852,1,10
505,April_Check,L3-1,2013-11-07,0.3147800925925926,2,26
506,April_Check,L3-1,2013-11-08,0.2140162037037037,1,13
507,April_Check,L3-1,2013-11-08,0.22299768518518517,1,9
508,April_Check,L3-1,2013-11-08,0.29256944444444444,2,11
509,April_Check,L3-1,2013-11-09,0.19596064814814815,1,9
510,April_Check,L3-1,2013-11-09,0.7890277777777778,1,9
511,April_Check,L3-1,2013-11-11,0.9639236111111111,1,8
512,April_Check,L3-1,2013-11-11,0.9980555555555556,1,2
513,April_Check,L3-1,2013-11-12,0.031087962962962963,1,10
514,April_Check,L3-1,2013-11-12,0.21636574074074075,2,9
515,April_Check,L3-1,2013-11-12,0.34987268518518516,1,2
516,April_Check,L3-1,2013-11-12,0.7860185185185186,1,5
517,April_Check,L3-1,2013-11-13,0.009953703703703704,1,5
518,April_Check,L3-1,2013-11-13,0.2418287037037037,1,6
519,April_Check,L3-1,2013-11-13,0.7743865740740741,1,11
520,April_Check,L3-1,2013-11-14,0.12635416666666666,1,5
521,April_Check,L3-1,2013-11-14,0.26415509259259257,1,5
522,April_Check,L3-1,2013-11-15,0.13190972222222222,2,14
523,April_Check,L3-1,2013-11-15,0.17056712962962964,1,14
524,April_Check,L3-1,2013-11-15,0.23586805555555557,1,5
525,April_Check,L3-1,2013-11-15,0.2403472222222222,1,15
526,April_Check,L3-1,2013-11-15,0.7407175925925926,2,14
527,April_Check,L3-1,2013-11-15,0.809375,1,9
528,April_Check,L3-1,2013-11-16,0.13846064814814815,1,5
529,April_Check,L3-1,2013-11-16,0.17353009259259258,1,12
530,April_Check,L3-1,2013-11-17,0.18935185185185185,1,10
531,April_Check,L3-1,2013-11-18,0.18762731481481482,2,21
532,April_Check,L3-1,2013-11-18,0.8253125,1,8
533,April_Check,L3-1,2013-11-19,0.17908564814814815,1,11
534,April_Check,L3-1,2013-11-19,0.19359953703703703,1,9
535,April_Check,L3-1,2013-11-19,0.19756944444444444,1,2
536,April_Check,L3-1,2013-11-19,0.8612962962962963,2,5
537,April_Check,L3-1,2013-11-19,0.8819444444444444,1,5
538,April_Check,L3-1,2013-11-20,0.3353009259259259,1,4
539,April_Check,L3-1,2013-11-20,0.7696412037037037,1,12
540,April_Check,L3-1,2013-11-21,0.23212962962962963,1,5
541,April_Check,L3-1,2013-11-21,0.9679166666666666,1,20
542,April_Check,L3-1,2013-11-23,0.8569212962962963,1,5
543,April_Check,L3-1,2013-11-23,0.9028125,1,30
544,April_Check,L3-1,2013-11-23,0.9306828703703703,1,10
545,April_Check,L3-1,2013-11-24,0.007349537037037037,1,5
546,April_Check,L3-1,2013-11-24,0.20734953703703704,1,10
547,April_Check,L3-1,2013-11-25,0.23372685185185185,1,15
548,April_Check,L3-1,2013-11-25,0.24342592592592593,1,9
549,April_Check,L3-1,2013-11-25,0.3512037037037037,4,11
550,April_Check,L3-1,2013-11-26,0.17726851851851852,1,9
551,April_Check,L3-1,2013-11-28,0.3194560185185185,2,16
552,April_Check,L3-1,2013-11-28,0.3294097222222222,1,14
553,April_Check,L3-1,2013-11-28,0.9327430555555556,1,6
554,April_Check,L3-1,2013-11-29,0.0502662037037037,1,7
555,April_Check,L3-1,2013-11-29,0.38166666666666665,2,39
556,April_Check,L3-1,2013-11-29,0.9961921296296297,1,6
557,April_Check,L3-1,2013-11-30,0.06570601851851852,5,10
558,April_Check,L3-1,2013-11-30,0.36091435185185183,3,15
559,April_Check,L3-1,2013-11-30,0.36563657407407407,2,2
560,April_Check,L3-1,2013-11-30,0.7969907407407407,1,11
561,April_Check,L3-1,2013-12-01,0.07681712962962962,2,20
562,April_Check,L3-1,2013-12-01,0.3695601851851852,3,10
563,April_Check,L3-1,2013-12-01,0.7937152777777777,1,11
564,April_Check,L3-1,2013-12-01,0.8255439814814814,1,9
565,April_Check,L3-1,2013-12-02,0.048587962962962965,1,15
566,April_Check,L3-1,2013-12-02,0.3016666666666667,5,41
567,April_Check,L3-1,2013-12-03,0.23092592592592592,1,6
568,April_Check,L3-1,2013-12-03,0.8705555555555555,1,4
569,April_Check,L3-1,2013-12-04,0.1012037037037037,1,7
570,April_Check,L3-1,2013-12-07,0.3156365740740741,1,2
571,April_Check,L3-1,2013-12-07,0.7564930555555556,2,12
572,April_Check,L3-1,2013-12-08,0.32199074074074074,1,10
573,April_Check,L3-1,2013-12-09,0.08399305555555556,1,6
574,April_Check,L3-1,2013-12-09,0.33555555555555555,2,12
575,April_Check,L3-1,2013-12-11,0.3542708333333333,3,39
576,April_Check,L3-1,2013-12-12,0.7507523148148149,1,7
577,April_Check,L3-1,2013-12-12,0.7617361111111111,1,26
578,April_Check,L3-1,2013-12-12,0.8478819444444444,1,9
579,April_Check,L3-1,2013-12-13,0.040844907407407406,1,6
580,April_Check,L3-1,2013-12-13,0.3146412037037037,1,5
581,April_Check,L3-1,2013-12-15,0.010949074074074075,1,15
582,April_Check,L3-1,2013-12-15,0.14265046296296297,1,8
583,April_Check,L3-1,2013-12-16,0.31381944444444443,1,5
584,April_Check,L3-1,2013-12-16,0.7687152777777778,1,10
585,April_Check,L3-1,2013-12-17,0.24915509259259258,1,14
586,April_Check,L3-1,2013-12-17,0.3333564814814815,1,7
587,April_Check,L3-1,2013-12-18,0.15962962962962962,1,5
588,April_Check,L3-1,2013-12-20,0.5446296296296296,1,3
589,April_Check,L3-1,2013-12-21,0.2750810185185185,1,6
590,April_Check,L3-1,2013-12-21,0.35435185185185186,2,8
591,April_Check,L3-1,2013-12-21,0.715300925925926,1,9
592,April_Check,L3-1,2013-12-21,0.7921875,1,10
593,April_Check,L3-1,2013-12-21,0.8316203703703704,1,9
594,April_Check,L3-1,2013-12-26,0.7002199074074074,2,17
595,April_Check,L3-1,2013-12-26,0.7248032407407408,1,10
596,April_Check,L3-1,2013-12-26,0.8689583333333334,1,8
597,April_Check,L3-1,2013-12-27,0.3587268518518518,2,18
598,April_Check,L3-1,2013-12-28,0.0014930555555555556,1,8
599,April_Check,L3-1,2013-12-28,0.14833333333333334,1,5
600,April_Check,L3-1,2013-12-29,0.3340162037037037,1,7
601,April_Check,L3-1,2013-12-29,0.3562962962962963,4,26
602,April_Check,L3-1,2013-12-30,0.3203125,1,3
603,April_Check,L3-1,2013-12-31,5.439814814814814e-4,1,11
604,April_Check,L3-1,2013-12-31,0.9575462962962963,1,9
605,April_Check,L3-1,2013-12-31,0.9692824074074075,1,9
606,April_Check,L3-1,2014-01-01,0.20166666666666666,2,22
607,April_Check,L3-1,2014-01-01,0.2279050925925926,1,7
608,April_Check,L3-1,2014-01-01,0.35359953703703706,3,5
609,April_Check,L3-1,2014-01-01,0.36,2,6
610,April_Check,L3-1,2014-01-02,0.29108796296296297,1,10
611,April_Check,L3-1,2014-01-02,0.34596064814814814,3,26
612,April_Check,L3-1,2014-01-03,0.07524305555555555,1,8
613,April_Check,L3-1,2014-01-03,0.6592708333333334,3,5
614,April_Check,L3-1,2014-01-03,0.7583912037037037,2,20
615,April_Check,L3-1,2014-01-03,0.7996412037037037,2,25
616,April_Check,L3-1,2014-01-04,0.16769675925925925,1,10
617,April_Check,L3-1,2014-01-04,0.19748842592592591,1,5
618,April_Check,L3-1,2014-01-05,0.2991550925925926,1,19
619,April_Check,L3-1,2014-01-05,0.8239004629629629,1,27
620,April_Check,L3-1,2014-01-10,0.25855324074074076,1,1
621,April_Check,L3-1,2014-01-10,0.5374537037037037,1,5
622,April_Check,L3-1,2014-01-11,0.3049884259259259,1,10
623,April_Check,L3-1,2014-01-11,0.8150462962962963,1,2
624,April_Check,L3-1,2014-01-11,0.9049884259259259,1,5
625,April_Check,L3-1,2014-01-12,0.065625,1,10
626,April_Check,L3-1,2014-01-13,0.34672453703703704,1,17
627,April_Check,L3-1,2014-01-15,0.14041666666666666,1,5
628,April_Check,L3-1,2014-01-15,0.21145833333333333,1,10
629,April_Check,L3-1,2014-01-15,0.24373842592592593,2,17
630,April_Check,L3-1,2014-01-15,0.3236921296296296,1,5
631,April_Check,L3-1,2014-01-15,0.3983912037037037,1,12
632,April_Check,L3-1,2014-01-15,0.8705787037037037,1,5
633,April_Check,L3-1,2014-01-16,0.034513888888888886,1,20
634,April_Check,L3-1,2014-01-17,0.0821875,1,9
635,April_Check,L3-1,2014-01-17,0.3607986111111111,4,21
636,April_Check,L3-1,2014-01-19,0.17851851851851852,2,54
637,April_Check,L3-1,2014-01-19,0.18997685185185184,1,12
638,April_Check,L3-1,2014-01-19,0.7367592592592592,1,10
639,April_Check,L3-1,2014-01-19,0.7684837962962963,1,5
640,April_Check,L3-1,2014-01-21,0.2215625,1,6
641,April_Check,L3-1,2014-01-21,0.7762152777777778,1,9
642,April_Check,L3-1,2014-01-21,0.8011689814814815,3,30
643,April_Check,L3-1,2014-01-22,0.21340277777777777,1,10
644,April_Check,L3-1,2014-01-22,0.24936342592592592,2,10
645,April_Check,L3-1,2014-01-22,0.3511226851851852,1,2
646,April_Check,L3-1,2014-01-22,0.8631597222222223,1,9
647,April_Check,L3-1,2014-01-22,0.8688773148148148,1,19
648,April_Check,L3-1,2014-01-23,0.7207638888888889,1,10
649,April_Check,L3-1,2014-01-24,0.2559722222222222,2,32
650,April_Check,L3-1,2014-01-25,0.8755439814814815,1,17
651,April_Check,L3-1,2014-01-25,0.8821412037037037,1,2
652,April_Check,L3-1,2014-01-26,0.22552083333333334,3,9
653,April_Check,L3-1,2014-01-26,0.9627083333333334,1,15
654,April_Check,L3-1,2014-01-29,0.8688194444444445,1,10
655,April_Check,L3-1,2014-01-30,0.018020833333333333,3,56
656,April_Check,L3-1,2014-01-31,0.1854398148148148,2,17
657,April_Check,L3-1,2014-01-31,0.2309375,3,31
658,April_Check,L3-1,2014-02-03,0.25582175925925926,1,6
659,April_Check,L3-1,2014-02-03,0.31166666666666665,2,9
660,April_Check,L3-1,2014-02-04,0.770162037037037,1,5
661,April_Check,L3-1,2014-02-06,0.3754166666666667,2,11
662,April_Check,L3-1,2014-02-07,0.34965277777777776,4,26
663,April_Check,L3-1,2014-02-08,0.41564814814814816,1,13
664,April_Check,L3-1,2014-02-09,0.015636574074074074,1,3
665,April_Check,L3-1,2014-02-09,0.793599537037037,5,13
666,April_Check,L3-1,2014-02-10,0.25146990740740743,1,6
667,April_Check,L3-1,2014-02-12,0.8553125,1,8
668,April_Check,L3-1,2014-02-13,0.8227314814814815,1,30
669,April_Check,L3-1,2014-02-13,0.9552662037037037,3,34
670,April_Check,L3-1,2014-02-14,0.0051967592592592595,1,20
671,April_Check,L3-1,2014-02-14,0.8384837962962963,1,20
672,April_Check,L3-1,2014-02-15,0.3054398148148148,1,15
673,April_Check,L3-1,2014-02-15,0.9386458333333333,1,70
674,April_Check,L3-1,2014-02-15,0.9512962962962963,1,7
675,April_Check,L3-1,2014-02-15,0.9705787037037037,1,8
676,April_Check,L3-1,2014-02-15,0.9882638888888889,1,6
677,April_Check,L3-1,2014-02-16,0.051944444444444446,1,15
678,April_Check,L3-1,2014-02-19,0.7326851851851852,1,39
679,April_Check,L3-1,2014-02-19,0.8343981481481482,3,38
680,April_Check,L3-1,2014-02-19,0.8690740740740741,1,5
681,April_Check,L3-1,2014-02-20,0.3080324074074074,1,9
682,April_Check,L3-1,2014-02-21,0.8851967592592592,1,85
683,April_Check,L3-1,2014-02-21,0.9797106481481481,1,10
684,April_Check,L3-1,2014-02-22,0.7877662037037036,1,10
685,April_Check,L3-1,2014-02-23,0.11238425925925925,1,10
686,April_Check,L3-1,2014-02-23,0.8245601851851851,1,10
687,April_Check,L3-1,2014-02-24,0.863287037037037,1,5
688,April_Check,L3-1,2014-02-26,0.7372222222222222,1,35
689,April_Check,L3-1,2014-02-26,0.7418634259259259,1,10
690,April_Check,L3-1,2014-03-04,0.37719907407407405,1,5
691,April_Check,L3-1,2014-03-05,0.259537037037037,5,36
692,April_Check,L3-1,2014-03-08,0.8553819444444445,1,15
693,September_Check,M4-2,2014-04-24,0.9328356481481481,1,9
694,September_Check,M4-2,2014-04-27,0.40877314814814814,4,20
695,September_Check,M4-2,2014-04-27,0.9536574074074075,1,10
696,September_Check,M4-2,2014-04-28,0.4396875,4,10
697,September_Check,M4-2,2014-04-28,0.8095486111111111,2,3
698,September_Check,M4-2,2014-04-29,0.04443287037037037,4,10
699,September_Check,M4-2,2014-04-29,0.2015162037037037,3,11
700,September_Check,M4-2,2014-04-29,0.2583564814814815,1,5
701,September_Check,M4-2,2014-04-29,0.26238425925925923,1,5
702,September_Check,M4-2,2014-04-29,0.8443402777777778,1,5
703,September_Check,M4-2,2014-04-30,0.07141203703703704,1,8
704,September_Check,M4-2,2014-04-30,0.2985069444444444,4,22
705,September_Check,M4-2,2014-04-30,0.3043287037037037,1,5
706,September_Check,M4-2,2014-05-01,0.41886574074074073,2,5
707,September_Check,M4-2,2014-05-01,0.7355324074074074,1,4
708,September_Check,M4-2,2014-05-01,0.7547222222222222,1,5
709,September_Check,M4-2,2014-05-03,0.32210648148148147,2,7
710,September_Check,M4-2,2014-05-03,0.35875,2,28
711,September_Check,M4-2,2014-05-03,0.820150462962963,1,4
